,alpha,beta,gamma,tau,scf_cc,nn_scf_cc
0,4.0,0.2,20.0,0.2,0.39239242,0.41259086
1,22.0,0.2,20.0,0.2,0.395533897,0.44431484
2,4.0,0.3,32.0,0.6,3.455332481,3.4479647
3,4.0,0.3,32.0,0.4,2.390217946,2.3884375
4,40.0,0.3,32.0,0.6,3.449859075,3.430775
5,22.0,0.3,32.0,0.4,2.387378133,2.3896666
6,40.0,0.3,32.0,0.4,2.387568526,2.386782
7,22.0,0.3,32.0,0.6,3.44289833,3.439516
8,4.0,0.7,32.0,0.4,2.445449973,2.411762
9,4.0,0.2,32.0,0.4,2.356271692,2.349369
10,40.0,0.2,32.0,0.4,2.358482926,2.348642
11,22.0,0.2,32.0,0.4,2.358362696,2.3592904
12,4.0,0.6,32.0,0.4,2.40208821,2.3866987
13,40.0,0.4,32.0,0.4,2.29178387,2.2814443
14,4.0,0.4,32.0,0.4,2.326347723,2.3094335
15,4.0,0.5,32.0,0.4,2.354693397,2.351767
16,4.0,0.4,32.0,0.6,3.349454138,3.3358037
17,4.0,0.3,26.0,0.4,2.106156441,2.1152148
18,22.0,0.4,32.0,0.4,2.291440223,2.284475
19,4.0,0.5,32.0,0.6,3.327291595,3.3072326
20,22.0,0.4,32.0,0.6,3.31244842,3.2984421
21,40.0,0.4,32.0,0.6,3.312795077,3.309417
22,4.0,0.7,32.0,0.6,3.363825436,3.3121169
23,4.0,0.6,32.0,0.2,1.385034092,1.3824053
24,4.0,0.7,26.0,0.4,2.15956189,2.1263924
25,4.0,0.5,32.0,0.2,1.369030314,1.3576972
26,4.0,0.2,32.0,0.6,3.298283641,3.2937143
27,4.0,0.4,26.0,0.4,2.090021782,2.0733871
28,22.0,0.2,32.0,0.6,3.30001928,3.3100243
29,40.0,0.2,32.0,0.6,3.300092301,3.3105545
30,4.0,0.3,32.0,0.8,4.38959225,4.393909
31,40.0,0.3,26.0,0.4,2.109708898,2.1088035
32,22.0,0.3,26.0,0.4,2.109399544,2.095405
33,4.0,0.5,26.0,0.4,2.085039764,2.076037
34,4.0,0.3,26.0,0.6,3.039503817,3.0186872
35,22.0,0.3,32.0,0.8,4.380848417,4.395121
36,40.0,0.3,32.0,0.8,4.38115304,4.4238143
37,22.0,0.3,26.0,0.6,3.041296426,3.0425658
38,40.0,0.3,26.0,0.6,3.041684818,3.045998
39,40.0,0.4,26.0,0.4,2.075062561,2.0672688
40,22.0,0.4,26.0,0.4,2.074460804,2.0467482
41,4.0,0.4,26.0,0.6,2.977592268,2.9558017
42,4.0,0.6,32.0,0.6,3.327544488,3.3046145
43,4.0,0.3,32.0,0.2,1.288778815,1.323756
44,4.0,0.6,26.0,0.4,2.122090943,2.1014705
45,4.0,0.7,32.0,0.2,1.372788621,1.3955688
46,22.0,0.3,32.0,0.2,1.283959107,1.3038036
47,40.0,0.3,32.0,0.2,1.284045562,1.2906425
48,22.0,0.4,26.0,0.6,2.961152936,2.9569654
49,40.0,0.4,26.0,0.6,2.962034339,2.9548018
50,4.0,0.5,26.0,0.2,1.216153604,1.2023842
51,4.0,0.4,32.0,0.8,4.332918069,4.318079
52,4.0,0.6,26.0,0.2,1.228257246,1.2218263
53,40.0,0.5,32.0,0.4,2.24660024,2.2320337
54,22.0,0.5,32.0,0.6,3.215549397,3.19258
55,40.0,0.5,32.0,0.6,3.215997797,3.19445
56,4.0,0.4,32.0,0.2,1.313393228,1.3197223
57,4.0,0.7,26.0,0.6,2.943303142,2.9083405
58,4.0,0.5,26.0,0.6,2.942046797,2.9087138
59,4.0,0.4,26.0,0.2,1.174234733,1.1764083
60,22.0,0.5,32.0,0.4,2.243198565,2.242624
61,4.0,0.2,26.0,0.4,1.964132601,1.9671415
62,40.0,0.2,26.0,0.4,1.966847447,1.9708211
63,22.0,0.2,26.0,0.4,1.966710104,1.969226
64,22.0,0.4,32.0,0.8,4.285478231,4.2659245
65,40.0,0.4,32.0,0.8,4.286029706,4.2754006
66,4.0,0.3,26.0,0.2,1.159317478,1.1721289
67,22.0,0.5,26.0,0.4,2.016028952,1.9847912
68,40.0,0.5,26.0,0.4,2.017138002,2.0121703
69,4.0,0.7,26.0,0.2,1.238109678,1.2337453
70,40.0,0.3,26.0,0.2,1.160421334,1.188895
71,22.0,0.3,26.0,0.2,1.160318281,1.1306162
72,4.0,0.6,26.0,0.6,2.923839043,2.895489
73,4.0,0.6,20.0,0.2,1.059965471,1.0451819
74,4.0,0.7,32.0,0.8,4.241418188,4.1768756
75,4.0,0.5,32.0,0.8,4.251639783,4.2151194
76,22.0,0.2,32.0,0.2,1.268783076,1.2911028
77,40.0,0.2,32.0,0.2,1.268812507,1.2723559
78,4.0,0.2,32.0,0.2,1.266125065,1.2934674
79,4.0,0.3,20.0,0.4,1.791456316,1.7915992
80,40.0,0.3,20.0,0.4,1.799179083,1.8132676
81,22.0,0.3,20.0,0.4,1.798877729,1.7827082
82,4.0,0.7,20.0,0.4,1.85216076,1.8244973
83,4.0,0.4,20.0,0.4,1.809388866,1.7920852
84,4.0,0.7,20.0,0.2,1.077631603,1.0772505
85,4.0,0.5,20.0,0.4,1.800470333,1.7866036
86,40.0,0.3,20.0,0.2,0.984588993,1.0162952
87,22.0,0.3,20.0,0.2,0.984424694,0.988672
88,4.0,0.6,20.0,0.4,1.833199325,1.8105716
89,40.0,0.2,26.0,0.2,1.093265448,1.0964446
90,22.0,0.2,26.0,0.2,1.09325762,1.0769
91,40.0,0.4,26.0,0.2,1.14574439,1.1033384
92,4.0,0.6,32.0,0.8,4.248077285,4.2050266
93,4.0,0.3,20.0,0.2,0.97905522,0.98341644
94,22.0,0.5,26.0,0.6,2.875076355,2.8549538
95,40.0,0.5,26.0,0.6,2.876679532,2.8564231
96,22.0,0.6,32.0,0.4,2.20624708,2.1927226
97,4.0,0.5,20.0,0.2,1.035445214,1.0289692
98,40.0,0.4,20.0,0.4,1.811143947,1.7995186
99,22.0,0.4,20.0,0.4,1.810329067,1.7901195
100,40.0,0.6,32.0,0.4,2.206900376,2.1830432
101,4.0,0.4,26.0,0.8,3.824600571,3.8096223
102,4.0,0.2,26.0,0.2,1.089920694,1.0858765
103,4.0,0.4,20.0,0.2,1.00345439,0.9997038
104,22.0,0.4,32.0,0.2,1.258856983,1.2460048
105,4.0,0.2,32.0,0.8,3.992173354,3.997187
106,22.0,0.2,32.0,0.8,3.99340701,4.013956
107,40.0,0.2,32.0,0.8,3.99358204,4.039588
108,40.0,0.3,8.0,0.2,0.452311015,0.4873939
109,22.0,0.3,8.0,0.2,0.452125612,0.4765318
110,4.0,0.7,26.0,0.8,3.740403938,3.685274
111,22.0,0.4,26.0,0.8,3.802249295,3.7955062
112,40.0,0.4,26.0,0.8,3.803500784,3.8049505
113,4.0,0.3,8.0,0.2,0.447533599,0.46724105
114,4.0,0.3,26.0,0.8,3.815873411,3.8009248
115,22.0,0.5,32.0,0.2,1.257098451,1.2628733
116,40.0,0.4,20.0,0.2,0.994493959,1.0069268
117,22.0,0.4,20.0,0.2,0.994127515,0.9357646
118,40.0,0.5,32.0,0.2,1.257393494,1.258714
119,4.0,0.5,26.0,0.8,3.760459718,3.7295182
120,22.0,0.7,32.0,0.4,2.166816449,2.1623988
121,40.0,0.7,32.0,0.4,2.1678049,2.147563
122,40.0,0.5,20.0,0.4,1.771016115,1.7680908
123,22.0,0.5,20.0,0.4,1.769564019,1.7597399
124,22.0,0.5,26.0,0.2,1.138019261,1.0785439
125,4.0,0.2,26.0,0.6,2.727668958,2.7275052
126,22.0,0.4,26.0,0.2,0.937052045,1.0683163
127,22.0,0.3,26.0,0.8,3.815432695,3.832679
128,40.0,0.3,26.0,0.8,3.816018268,3.8396819
129,22.0,0.2,26.0,0.6,2.730323745,2.7551455
130,40.0,0.2,26.0,0.6,2.730432725,2.7414875
131,22.0,0.5,32.0,0.8,4.123027937,4.077859
132,40.0,0.5,32.0,0.8,4.123739403,4.0991645
133,4.0,0.4,20.0,0.6,2.501002292,2.5197911
134,22.0,0.6,32.0,0.6,3.108430581,3.0808935
135,40.0,0.6,32.0,0.6,3.10916667,3.0883043
136,4.0,0.3,32.0,1.0,5.274351483,5.286855
137,4.0,0.5,20.0,0.6,2.516175969,2.4928231
138,22.0,0.6,26.0,0.4,1.976304343,1.9470627
139,40.0,0.6,26.0,0.4,1.978142285,1.9686191
140,4.0,0.7,20.0,0.6,2.50338889,2.4666655
141,40.0,0.4,20.0,0.6,2.505251271,2.527742
142,22.0,0.4,20.0,0.6,2.504119924,2.5247493
143,4.0,0.4,32.0,1.0,5.244441791,5.242021
144,4.0,0.7,14.0,0.2,0.875195634,0.88543063
145,22.0,0.6,32.0,0.2,1.246946984,1.2606444
146,40.0,0.3,32.0,1.0,5.261087393,5.2899847
147,40.0,0.6,32.0,0.2,1.247494495,1.2643309
148,22.0,0.3,32.0,1.0,5.259754776,5.2521796
149,22.0,0.2,14.0,0.2,0.619871568,0.6290475
150,40.0,0.2,14.0,0.2,0.619926408,0.65196866
151,40.0,0.2,20.0,0.2,0.874111554,0.8920804
152,4.0,0.2,14.0,0.2,0.618110089,0.6027312
153,4.0,0.5,14.0,0.2,0.835853238,0.8490129
154,4.0,0.6,20.0,0.6,2.503773686,2.4842572
155,40.0,0.4,32.0,0.2,0.956602373,0.9962012
156,4.0,0.6,26.0,0.8,3.721799233,3.7004855
157,4.0,0.3,20.0,0.6,2.473289492,2.4687448
158,4.0,0.4,14.0,0.2,0.815371524,0.8194649
159,22.0,0.3,20.0,0.6,2.480499172,2.4946287
160,40.0,0.3,20.0,0.6,2.480996295,2.492935
161,22.0,0.6,26.0,0.6,2.771501983,2.7491102
162,40.0,0.5,20.0,0.2,0.991694763,0.9320051
163,40.0,0.6,26.0,0.6,2.774149997,2.7579877
164,40.0,0.4,14.0,0.2,0.820768031,0.8292415
165,22.0,0.4,14.0,0.2,0.820382221,0.84137475
166,4.0,0.7,32.0,1.0,5.040631794,4.9593344
167,22.0,0.7,32.0,0.6,3.015796195,2.9960523
168,40.0,0.5,20.0,0.6,2.494181985,2.485927
169,22.0,0.7,26.0,0.4,1.945703117,1.9302734
170,22.0,0.5,20.0,0.6,2.491936423,2.4605763
171,40.0,0.7,26.0,0.4,1.948625444,1.9280331
172,40.0,0.7,32.0,0.6,3.016771064,2.9825249
173,4.0,0.6,14.0,0.2,0.858579421,0.8662647
174,22.0,0.5,26.0,0.8,3.682956693,3.6295793
175,40.0,0.5,26.0,0.8,3.685206391,3.6511853
176,22.0,0.6,26.0,0.2,1.11717291,1.0935025
177,40.0,0.6,26.0,0.2,1.118175171,1.0801481
178,40.0,0.6,20.0,0.4,1.753581118,1.7395867
179,22.0,0.6,20.0,0.4,1.751063077,1.7192295
180,22.0,0.7,32.0,0.2,1.234724435,1.2706646
181,40.0,0.7,32.0,0.2,1.235275856,1.256197
182,22.0,0.4,32.0,1.0,5.180893968,5.1860023
183,40.0,0.4,32.0,1.0,5.181365766,5.1955686
184,40.0,0.5,14.0,0.2,0.827309218,0.84114707
185,22.0,0.5,14.0,0.2,0.826538484,0.8104476
186,4.0,0.5,32.0,1.0,5.098248832,5.0692782
187,22.0,0.3,14.0,0.2,0.762618781,0.78297895
188,40.0,0.3,14.0,0.2,0.762805485,0.782564
189,4.0,0.7,14.0,0.4,1.477257912,1.4593154
190,40.0,0.5,26.0,0.2,0.757913886,0.8632738
191,4.0,0.5,14.0,0.4,1.453186314,1.4443785
192,4.0,0.7,20.0,0.8,3.13239257,3.10609
193,4.0,0.3,14.0,0.2,0.755670254,0.7756282
194,4.0,0.5,20.0,0.8,3.203200716,3.1672435
195,4.0,0.4,14.0,0.4,1.424718602,1.4405948
196,4.0,0.6,20.0,0.8,3.177702859,3.1487627
197,22.0,0.7,26.0,0.2,1.123400385,1.1073637
198,40.0,0.7,26.0,0.2,1.12497775,1.1115263
199,4.0,0.4,20.0,0.8,3.182959435,3.1579251
200,22.0,0.4,14.0,0.4,1.437914462,1.4404745
201,40.0,0.4,14.0,0.4,1.438759557,1.436671
202,4.0,0.2,20.0,0.4,1.549006742,1.5425807
203,22.0,0.6,32.0,0.8,3.992725707,3.935999
204,22.0,0.2,20.0,0.4,1.551629176,1.5307423
205,40.0,0.2,20.0,0.4,1.551749519,1.5676486
206,40.0,0.6,32.0,0.8,3.993548968,3.9431949
207,40.0,0.7,20.0,0.2,1.000099116,0.9787589
208,22.0,0.7,20.0,0.2,0.998061989,0.95668876
209,22.0,0.7,26.0,0.6,2.693164997,2.6719136
210,40.0,0.7,26.0,0.6,2.697362987,2.6752605
211,22.0,0.5,20.0,0.2,0.75397146,0.84865856
212,4.0,0.6,14.0,0.4,1.45969487,1.4521134
213,40.0,0.5,14.0,0.4,1.459992779,1.4598284
214,22.0,0.5,14.0,0.4,1.45839315,1.4440521
215,4.0,0.7,14.0,0.6,1.99417739,1.977415
216,40.0,0.6,20.0,0.6,2.430755805,2.4179194
217,22.0,0.6,20.0,0.6,2.426916321,2.3959017
218,22.0,0.4,20.0,0.8,3.18360289,3.1774366
219,40.0,0.4,20.0,0.8,3.185233905,3.191058
220,4.0,0.4,26.0,1.0,4.52801963,4.5199356
221,4.0,0.5,26.0,1.0,4.514248981,4.48488
222,40.0,0.7,20.0,0.4,1.714533581,1.705155
223,22.0,0.7,20.0,0.4,1.710585748,1.6976595
224,4.0,0.6,32.0,1.0,4.982870367,4.9717917
225,4.0,0.7,26.0,1.0,4.46246215,4.412108
226,4.0,0.2,32.0,1.0,4.502054992,4.541568
227,40.0,0.6,14.0,0.2,0.837240182,0.84907633
228,22.0,0.6,14.0,0.2,0.835892917,0.8213609
229,40.0,0.5,20.0,0.8,3.179284474,3.185796
230,22.0,0.5,20.0,0.8,3.176179731,3.1420238
231,22.0,0.2,32.0,1.0,4.502875511,4.5355306
232,40.0,0.2,32.0,1.0,4.502992371,4.565217
233,4.0,0.6,26.0,1.0,4.483351287,4.427376
234,4.0,0.6,14.0,0.6,2.007904795,1.9819463
235,40.0,0.7,14.0,0.2,0.840927562,0.8598481
236,22.0,0.7,14.0,0.2,0.838776441,0.85730463
237,4.0,0.3,26.0,1.0,4.329340542,4.3570657
238,22.0,0.4,26.0,1.0,4.497215318,4.500277
239,40.0,0.4,26.0,1.0,4.498706271,4.5171075
240,40.0,0.4,8.0,0.2,0.539730712,0.56916946
241,22.0,0.4,8.0,0.2,0.539331475,0.5660572
242,4.0,0.5,14.0,0.6,2.027897357,1.9973568
243,22.0,0.6,26.0,0.8,3.55243626,3.5002651
244,40.0,0.6,26.0,0.8,3.556078727,3.5210443
245,22.0,0.7,32.0,0.8,3.832302243,3.8231964
246,22.0,0.3,26.0,1.0,4.32671849,4.375193
247,40.0,0.3,26.0,1.0,4.32734519,4.3944125
248,40.0,0.7,32.0,0.8,3.833454036,3.8111215
249,4.0,0.3,14.0,0.4,1.313202541,1.3152751
250,40.0,0.3,14.0,0.4,1.321880964,1.3279071
251,22.0,0.3,14.0,0.4,1.321548252,1.3312589
252,4.0,0.4,8.0,0.2,0.52897108,0.5567459
253,22.0,0.5,32.0,1.0,4.941866434,4.9322486
254,40.0,0.5,32.0,1.0,4.942705418,4.932812
255,4.0,0.2,26.0,0.8,3.194078365,3.2137313
256,4.0,0.5,8.0,0.2,0.573998526,0.58722913
257,40.0,0.7,20.0,0.6,2.36187313,2.339515
258,4.0,0.3,20.0,0.8,2.997458083,2.9987485
259,22.0,0.7,20.0,0.6,2.355831083,2.3457406
260,40.0,0.2,26.0,0.8,3.196857705,3.2352474
261,22.0,0.2,26.0,0.8,3.196673466,3.2523072
262,40.0,0.6,14.0,0.4,1.445030037,1.4280505
263,22.0,0.6,14.0,0.4,1.442307562,1.4274169
264,40.0,0.6,20.0,0.2,0.620156128,0.69356143
265,22.0,0.6,20.0,0.2,0.620036971,0.8596252
266,4.0,0.4,14.0,0.6,1.994564575,1.9560922
267,40.0,0.5,8.0,0.2,0.585964978,0.59829324
268,22.0,0.5,8.0,0.2,0.585161761,0.5928618
269,22.0,0.3,20.0,0.8,3.003703742,3.021853
270,40.0,0.3,20.0,0.8,3.004408665,3.0322607
271,22.0,0.7,26.0,0.8,3.450100622,3.4084635
272,40.0,0.5,14.0,0.6,2.043275011,2.0296667
273,22.0,0.5,14.0,0.6,2.040818975,2.0319178
274,4.0,0.7,8.0,0.2,0.602896169,0.6192802
275,4.0,0.6,8.0,0.2,0.584432427,0.59932864
276,40.0,0.4,14.0,0.6,2.011455826,2.013321
277,22.0,0.4,14.0,0.6,2.010220649,2.005557
278,40.0,0.6,20.0,0.8,3.099662188,3.089487
279,22.0,0.6,20.0,0.8,3.094359992,3.0507052
280,22.0,0.5,26.0,1.0,4.419935453,4.3925776
281,40.0,0.5,26.0,1.0,4.422855977,4.4078164
282,40.0,0.6,14.0,0.6,2.00656059,2.0009813
283,22.0,0.6,14.0,0.6,2.002322793,1.9747826
284,4.0,0.7,20.0,1.0,3.73496444,3.7123802
285,40.0,0.7,14.0,0.4,1.428155906,1.4290317
286,22.0,0.7,14.0,0.4,1.423820101,1.419232
287,4.0,0.7,14.0,0.8,2.491284807,2.460658
288,4.0,0.2,20.0,0.6,2.055761513,2.057558
289,22.0,0.2,20.0,0.6,2.058934404,2.048527
290,40.0,0.2,20.0,0.6,2.058992273,2.0536127
291,40.0,0.7,26.0,0.8,3.438424069,3.414086
292,22.0,0.6,8.0,0.2,0.596014677,0.6031443
293,4.0,0.5,20.0,1.0,3.814626199,3.791085
294,4.0,0.6,20.0,1.0,3.803959502,3.7704837
295,4.0,0.6,14.0,0.8,2.490871173,2.4580958
296,40.0,0.7,14.0,0.6,1.961064422,1.9498849
297,22.0,0.7,14.0,0.6,1.954349482,1.9343214
298,4.0,0.7,8.0,0.4,1.044139226,1.0518844
299,40.0,0.7,8.0,0.2,0.619912699,0.6256941
300,22.0,0.7,8.0,0.2,0.617622783,0.62649965
301,40.0,0.7,20.0,0.8,2.978550287,2.9671223
302,22.0,0.7,20.0,0.8,2.97028164,2.9527147
303,4.0,0.4,20.0,1.0,3.705178849,3.6734889
304,40.0,0.6,32.0,1.0,4.725533856,4.72213
305,4.0,0.5,14.0,0.8,2.48809685,2.4711616
306,40.0,0.6,8.0,0.2,0.523028676,0.55899537
307,4.0,0.6,8.0,0.4,1.010138922,1.0178827
308,4.0,0.3,14.0,0.6,1.778662715,1.7747442
309,40.0,0.3,14.0,0.6,1.788079517,1.8193547
310,22.0,0.3,14.0,0.6,1.787595273,1.7720168
311,40.0,0.5,20.0,1.0,3.783681888,3.7835803
312,22.0,0.5,20.0,1.0,3.778964773,3.7773666
313,22.0,0.4,20.0,1.0,3.702419705,3.7090354
314,40.0,0.4,20.0,1.0,3.704441912,3.7099802
315,22.0,0.6,32.0,1.0,4.693071707,4.7093363
316,22.0,0.7,32.0,1.0,4.559782279,4.5576553
317,4.0,0.5,8.0,0.4,0.97220828,0.9723418
318,22.0,0.6,26.0,1.0,4.278763598,4.235504
319,40.0,0.7,8.0,0.4,1.077502043,1.0891511
320,40.0,0.6,26.0,1.0,4.283533984,4.271832
321,22.0,0.7,8.0,0.4,1.072796792,1.071109
322,40.0,0.5,14.0,0.8,2.507562695,2.5183756
323,22.0,0.5,14.0,0.8,2.504199394,2.5227294
324,40.0,0.6,14.0,0.8,2.497835272,2.4889112
325,22.0,0.6,14.0,0.8,2.491993218,2.4838803
326,40.0,0.6,8.0,0.4,1.041265886,1.0633049
327,22.0,0.6,8.0,0.4,1.038348609,1.0362957
328,40.0,0.5,8.0,0.4,0.99746841,1.0101385
329,22.0,0.5,8.0,0.4,0.995849656,1.0050218
330,4.0,0.7,8.0,0.6,1.400852714,1.4064327
331,4.0,0.4,14.0,0.8,2.362823658,2.3474112
332,4.0,0.7,14.0,1.0,2.899540101,2.8866007
333,4.0,0.6,14.0,1.0,2.953097054,2.9263897
334,40.0,0.7,14.0,0.8,2.469598207,2.4626386
335,22.0,0.7,14.0,0.8,2.460288476,2.4411037
336,40.0,0.7,32.0,1.0,4.522198406,4.553082
337,4.0,0.2,26.0,1.0,3.461602565,3.5138843
338,22.0,0.4,14.0,0.8,2.379660812,2.4004235
339,40.0,0.4,14.0,0.8,2.381311487,2.400336
340,4.0,0.6,8.0,0.6,1.371056682,1.3631767
341,4.0,0.3,20.0,1.0,3.29386551,3.2936437
342,22.0,0.2,26.0,1.0,3.4655306,3.5199988
343,40.0,0.2,26.0,1.0,3.465741765,3.5129273
344,22.0,0.6,20.0,1.0,3.706558676,3.6811707
345,40.0,0.6,20.0,1.0,3.713431903,3.7094278
346,22.0,0.7,26.0,1.0,4.122495808,4.112911
347,40.0,0.7,26.0,1.0,4.129910641,4.1233773
348,22.0,0.3,20.0,1.0,3.298863531,3.326484
349,40.0,0.3,20.0,1.0,3.299868379,3.3362086
350,4.0,0.2,14.0,0.4,0.981769101,0.97757053
351,40.0,0.2,14.0,0.4,0.984047656,1.0331062
352,22.0,0.2,14.0,0.4,0.983966565,0.98218274
353,40.0,0.7,8.0,0.6,1.459034662,1.4902754
354,40.0,0.6,8.0,0.6,1.419166659,1.4151819
355,22.0,0.6,8.0,0.6,1.414628579,1.4068744
356,22.0,0.7,8.0,0.6,1.45171348,1.4393551
357,4.0,0.5,14.0,1.0,2.859450233,2.8439043
358,40.0,0.7,20.0,1.0,3.564075811,3.5691495
359,22.0,0.7,20.0,1.0,3.553290906,3.5385978
360,40.0,0.4,8.0,0.4,0.875896694,0.91151816
361,22.0,0.4,8.0,0.4,0.875118622,0.89529735
362,4.0,0.4,8.0,0.4,0.860123175,0.87538445
363,4.0,0.5,8.0,0.6,1.279225904,1.2768605
364,4.0,0.7,8.0,0.8,1.648114736,1.6438423
365,40.0,0.5,8.0,0.6,0.860863564,0.9289874
366,22.0,0.5,8.0,0.6,1.310746975,1.3192086
367,22.0,0.6,14.0,1.0,2.955385517,2.955341
368,40.0,0.6,14.0,1.0,2.962905484,2.949573
369,22.0,0.5,14.0,1.0,2.876225297,2.881969
370,40.0,0.5,14.0,1.0,2.880405521,2.8914356
371,4.0,0.2,20.0,0.8,2.154005671,2.1911163
372,22.0,0.2,20.0,0.8,2.157163056,2.12539
373,4.0,0.4,14.0,1.0,2.589560238,2.5920444
374,4.0,0.3,14.0,0.8,1.952942209,1.9793211
375,22.0,0.7,14.0,1.0,2.871653921,2.8637178
376,40.0,0.7,14.0,1.0,2.882894482,2.8965244
377,22.0,0.3,14.0,0.8,1.96181378,1.9805982
378,40.0,0.3,14.0,0.8,1.962433858,1.9920229
379,4.0,0.3,8.0,0.4,0.707074393,0.7260066
380,40.0,0.3,8.0,0.4,0.712889825,0.74466205
381,22.0,0.3,8.0,0.4,0.712596059,0.7349475
382,4.0,0.6,8.0,0.8,1.553557303,1.5590287
383,22.0,0.4,14.0,1.0,2.605874108,2.61103
384,40.0,0.4,14.0,1.0,2.607385334,2.6272378
385,40.0,0.7,8.0,0.8,1.724311985,1.7724794
386,22.0,0.7,8.0,0.8,1.714663972,1.721388
387,4.0,0.7,8.0,1.0,1.811065016,1.8265216
388,22.0,0.2,14.0,0.6,0.747147159,0.8488324
389,22.0,0.6,8.0,0.8,1.60559271,1.6303009
390,40.0,0.6,8.0,0.8,1.611337914,1.6251584
391,4.0,0.4,8.0,0.6,1.052643655,1.0779381
392,40.0,0.4,8.0,0.6,1.070689975,1.0414834
393,22.0,0.4,8.0,0.6,1.069550443,1.084245
394,40.0,0.2,20.0,0.8,1.585601137,1.6909785
395,4.0,0.5,8.0,0.8,1.345621684,1.368217
396,4.0,0.2,14.0,0.6,1.144237497,1.1132057
397,40.0,0.2,14.0,0.6,1.146822768,1.0823826
398,4.0,0.6,8.0,1.0,1.659627201,1.6785774
399,22.0,0.7,8.0,1.0,1.889397847,1.9133723
400,40.0,0.7,8.0,1.0,1.900917681,1.9373277
401,22.0,0.5,8.0,0.8,1.37866625,1.4381455
402,40.0,0.5,8.0,0.8,0.979872768,1.0393722
403,22.0,0.6,8.0,1.0,1.716712157,1.7462074
404,40.0,0.6,8.0,1.0,1.723446332,1.7598296
405,4.0,0.3,14.0,1.0,1.884578402,1.9290711
406,22.0,0.3,14.0,1.0,1.892622208,1.9616824
407,40.0,0.3,14.0,1.0,1.89340848,1.947666
408,4.0,0.2,20.0,1.0,1.81149167,1.8676482
409,22.0,0.2,20.0,1.0,1.813980728,1.8949469
410,40.0,0.2,20.0,1.0,1.813403085,1.8292726
411,4.0,0.2,8.0,0.2,0.25,0.26879176
412,22.0,0.2,8.0,0.2,0.25,0.27457675
413,40.0,0.2,8.0,0.2,0.25,0.27344748
414,4.0,0.5,8.0,1.0,1.120234557,1.1425447
415,22.0,0.5,8.0,1.0,1.147117777,1.1975231
416,4.0,0.2,8.0,0.4,0.320024729,0.33355492
417,40.0,0.2,8.0,0.4,0.320922422,0.3481144
418,22.0,0.2,8.0,0.4,0.320911387,0.33518583
419,4.0,0.4,8.0,0.8,0.833667633,0.849793
420,4.0,0.3,8.0,0.6,0.584796196,0.6049125
421,40.0,0.3,8.0,0.6,0.589589802,0.63797605
422,22.0,0.3,8.0,0.6,0.589298687,0.6108989
423,22.0,0.4,8.0,0.8,0.846179507,0.88156617
424,40.0,0.4,8.0,0.8,0.847215554,0.88074565
425,40.0,0.5,8.0,1.0,0.867690289,0.91974646
426,4.0,0.2,14.0,0.8,0.933931876,0.9409933
427,40.0,0.2,14.0,0.8,0.93617396,0.95126253
428,22.0,0.2,14.0,0.8,0.936034388,0.8979074
429,4.0,0.4,8.0,1.0,0.880516212,0.90520054
430,22.0,0.4,8.0,1.0,0.894445711,0.92136496
431,40.0,0.4,8.0,1.0,0.895669065,0.9498752
432,4.0,0.3,8.0,0.8,0.589469052,0.60391957
433,22.0,0.3,8.0,0.8,0.594285657,0.6054738
434,40.0,0.3,8.0,0.8,0.59462197,0.62901545
435,4.0,0.2,14.0,1.0,0.867633378,0.888137
436,22.0,0.2,14.0,1.0,0.869626372,0.86404824
437,40.0,0.2,14.0,1.0,0.86982798,0.9172944
438,4.0,0.3,8.0,1.0,0.486625782,0.5290279
439,22.0,0.3,8.0,1.0,0.491057159,0.5358418
440,40.0,0.3,8.0,1.0,0.491172466,0.542394
441,22.0,0.2,8.0,0.6,0.256369857,0.26556948
442,40.0,0.2,8.0,0.6,0.256430057,0.2787562
443,40.0,0.2,8.0,1.0,0.25,0.27605122
444,22.0,0.2,8.0,1.0,0.25,0.26268685
445,4.0,0.2,8.0,1.0,0.25,0.2619006
446,40.0,0.2,8.0,0.8,0.25,0.28624904
447,22.0,0.2,8.0,0.8,0.25,0.26219156
448,4.0,0.2,8.0,0.8,0.25,0.27034417
449,9.94,0.48,8.57,0.83,1.468653775,1.4445456
450,20.0,0.57,9.01,0.9,1.846576047,1.848936
451,9.38,0.21,19.79,0.91,2.31563886,2.1556401
452,10.55,0.63,9.2,0.94,2.026950877,1.9666308
453,4.62,0.4,11.35,0.87,1.927281854,1.9063206
454,5.26,0.53,8.04,0.75,1.461978303,1.4359204
455,25.71,0.59,11.56,0.95,2.414646541,2.4320486
456,26.2,0.59,10.39,0.79,1.999169406,1.997381
457,4.31,0.53,9.6,0.71,1.684348123,1.6615694
458,14.25,0.61,15.45,0.97,3.073391861,3.0287633
459,10.86,0.64,21.38,0.98,3.752851759,3.758373
460,9.17,0.48,12.48,0.68,2.049821298,2.0228176
461,37.9,0.63,20.52,0.84,3.239775924,3.221733
462,6.86,0.6,12.64,0.51,1.649707079,1.6332952
463,6.48,0.35,13.26,0.49,1.595231842,1.5756766
464,30.9,0.46,15.98,0.66,2.355563606,2.3915122
465,6.45,0.53,11.46,0.3,1.028918214,1.0179397
466,4.3,0.52,15.65,0.71,2.508142995,2.4518163
467,7.59,0.53,30.47,0.96,4.687529755,4.647843
468,30.78,0.57,15.28,0.36,1.40807062,1.369423
469,33.06,0.26,24.75,0.87,3.727726025,3.6864934
470,12.68,0.4,24.9,0.93,4.123096077,4.131893
471,35.56,0.49,15.37,0.44,1.659753526,1.6603627
472,37.38,0.43,16.37,0.54,2.043488852,2.0482912
473,21.4,0.2,26.24,0.71,3.035681477,3.1149807
474,5.23,0.66,27.96,0.82,3.840626135,3.9053943
475,15.1,0.69,23.07,0.34,1.612125707,1.6262407
476,9.53,0.61,23.12,0.34,1.634139182,1.6648152
477,14.02,0.46,25.73,0.81,3.735267743,3.7087348
478,27.94,0.66,26.71,0.47,2.257699401,2.2330112
479,6.85,0.56,31.98,0.76,3.914572141,3.957225
480,4.33,0.25,21.93,0.51,2.224540632,2.235849
481,15.53,0.6,31.86,0.31,1.780244882,1.8013948
482,13.72,0.49,20.37,0.35,1.591560682,1.5745014
483,12.86,0.38,19.71,0.42,1.843616389,1.8630277
484,37.2,0.55,23.95,0.51,2.363663111,2.3344996
485,9.87,0.53,28.7,0.58,2.926182065,2.895399
486,16.56,0.26,24.36,0.55,2.608436509,2.6262438
487,36.94,0.29,21.89,0.25,1.28375995,1.2775643
488,33.32,0.33,23.18,0.41,2.026635539,2.0153325
489,26.8,0.24,30.26,0.71,3.744033124,3.7430596
490,22.65,0.32,23.03,0.45,2.154775426,2.1890264
491,18.65,0.33,23.71,0.4,2.001507834,1.992324
492,4.45,0.42,27.18,0.44,2.27311277,2.2948384
493,23.47,0.35,26.13,0.4,2.098472177,2.071096
494,31.0,0.28,16.0,0.48,1.744256517,1.7012415
495,38.0,0.65,10.0,0.9,2.189288206,2.132489
496,35.0,0.39,12.0,0.45,1.412504799,1.4112723
497,27.0,0.34,27.0,0.45,2.388656185,2.3501182
498,7.0,0.42,18.0,0.48,1.962031198,1.9634961
499,6.0,0.44,25.0,0.57,2.741101299,2.717051
500,28.0,0.4,15.0,0.43,1.630407541,1.6026299
501,32.0,0.38,19.0,0.45,1.923460903,1.9519899
502,9.0,0.34,27.0,0.39,2.089595614,2.0877411
503,22.0,0.52,25.0,0.68,3.128270916,3.0763366
504,34.0,0.65,31.0,0.65,3.232809336,3.191387
505,14.0,0.69,23.0,0.84,3.340316037,3.3987758
506,11.0,0.54,31.0,0.7,3.607886894,3.5394084
507,28.0,0.62,26.0,0.71,3.202870719,3.152861
508,14.0,0.65,30.0,0.65,3.188282572,3.180646
509,16.0,0.46,26.0,0.63,3.041680314,3.0191913
510,14.0,0.58,24.0,0.65,2.883596947,2.8377461
511,38.0,0.68,31.0,0.8,3.768906904,3.7707944
512,15.0,0.57,22.0,0.66,2.809795634,2.7442665
513,31.0,0.53,23.0,0.7,3.054866371,3.0055041
514,19.0,0.6,23.0,0.63,2.712371123,2.670375
515,10.0,0.61,27.0,0.77,3.545202228,3.5218542
516,31.0,0.49,26.0,0.59,2.826512207,2.8311965
517,11.0,0.64,28.0,0.71,3.319568908,3.3420923
518,20.0,0.58,17.0,0.77,2.753839072,2.6998744
519,12.0,0.58,12.0,0.77,2.181549389,2.1401596
520,11.0,0.65,22.0,0.75,3.055833773,3.0574229
521,19.0,0.7,20.0,0.8,2.969640848,2.9628098
522,24.0,0.43,32.0,0.46,2.573662666,2.5714033
523,11.0,0.47,31.0,0.58,3.078826912,3.0675306
524,28.0,0.62,20.0,0.78,3.022744975,2.9697163
525,28.0,0.5,23.0,0.6,2.693999878,2.6670284
526,16.0,0.44,31.0,0.46,2.528191732,2.5198445
527,15.0,0.57,15.0,0.69,2.36389267,2.3076704
528,19.0,0.44,21.0,0.63,2.72329242,2.6809247
529,18.0,0.47,13.0,0.67,2.072425152,2.1133866
530,39.0,0.42,27.0,0.57,2.864353529,2.868081
531,26.0,0.5,25.0,0.51,2.447280995,2.424553
532,40.0,0.39,30.0,0.54,2.919814214,2.9039319
533,27.0,0.7,21.0,0.79,3.02042829,3.0025887
534,27.0,0.5,24.0,0.52,2.437349329,2.4183683
535,24.0,0.47,17.0,0.67,2.491665627,2.481688
536,12.0,0.43,26.0,0.58,2.842304624,2.8285062
537,10.0,0.61,19.0,0.62,2.434259191,2.424856
538,21.0,0.5,8.0,0.69,1.39909996,1.3916487
539,17.0,0.43,21.0,0.6,2.596547721,2.5829272
540,21.0,0.55,13.0,0.71,2.174675022,2.193818
541,33.0,0.65,20.0,0.83,3.117606647,3.1040409
542,29.0,0.69,20.0,0.79,2.954789619,2.9286008
543,7.0,0.52,12.0,0.68,1.976120292,1.9614518
544,22.0,0.4,28.0,0.5,2.589067604,2.615478
545,10.0,0.58,12.0,0.61,1.827121952,1.8072311
546,23.0,0.4,8.0,0.56,1.014209989,1.0526681
547,28.0,0.44,11.0,0.63,1.73863941,1.7165766
548,12.0,0.2,31.0,0.75,3.763682646,3.720933
549,14.0,0.66,9.0,0.69,1.6925262,1.6233945
550,27.0,0.56,16.0,0.67,2.40757528,2.3633833
551,31.0,0.54,15.0,0.71,2.415944726,2.4070802
552,13.0,0.43,13.0,0.56,1.840929681,1.8351372
553,28.0,0.37,30.0,0.5,2.727579278,2.732856
554,32.0,0.57,17.0,0.69,2.545615746,2.5052984
555,13.0,0.38,29.0,0.53,2.82597662,2.8194087
556,23.0,0.55,13.0,0.65,2.017957654,2.0526934
557,23.0,0.6,16.0,0.6,2.154526426,2.1326437
558,9.0,0.57,14.0,0.59,1.949725649,1.9383782
559,8.0,0.56,23.0,0.65,2.849549608,2.829664
560,23.0,0.48,16.0,0.56,2.092014212,2.0751016
561,20.0,0.35,28.0,0.55,2.89777054,2.8995812
562,29.0,0.5,13.0,0.62,1.976516926,2.005073
563,16.0,0.37,8.0,0.44,0.877968001,0.9093325
564,22.0,0.45,23.0,0.45,2.125664866,2.11004
565,29.0,0.41,22.0,0.52,2.394676578,2.3754702
566,38.0,0.43,22.0,0.53,2.404035597,2.4033284
567,24.0,0.35,8.0,0.45,0.837839561,0.8809819
568,14.0,0.5,13.0,0.5,1.656321794,1.66848
569,37.0,0.51,17.0,0.61,2.322249687,2.305865
570,39.0,0.37,30.0,0.46,2.560959525,2.516971
571,8.0,0.49,12.0,0.51,1.592464436,1.571188
572,15.0,0.39,19.0,0.54,2.252191863,2.2573533
573,5.0,0.5,8.0,0.5,1.120509353,1.1466951
574,31.0,0.41,10.0,0.51,1.297705118,1.3064077
575,15.0,0.41,12.0,0.47,1.470064287,1.5251335
576,37.0,0.25,12.0,0.45,1.061273944,1.0773594
577,35.0,0.47,14.0,0.57,1.965938445,1.9635912
578,17.0,0.32,14.0,0.48,1.635277965,1.5967951
579,19.0,0.38,14.0,0.5,1.714770886,1.728252
580,19.0,0.42,23.0,0.43,2.05664632,2.0443661
581,17.0,0.41,20.0,0.46,2.043906686,2.0232177
582,33.0,0.66,14.0,0.77,2.399724582,2.4010327
583,20.0,0.38,20.0,0.51,2.213460029,2.2319126
584,29.0,0.47,16.0,0.49,1.866387762,1.8676323
585,6.0,0.64,23.0,0.83,3.438284807,3.5000749
586,32.0,0.51,10.0,0.53,1.447699933,1.4567896
587,30.0,0.34,28.0,0.48,2.599560674,2.5520644
588,26.0,0.69,9.0,0.76,1.866730939,1.7776222
589,21.0,0.33,11.0,0.39,1.112200882,1.1139002
590,32.0,0.32,12.0,0.42,1.189525818,1.2346213
591,39.0,0.35,8.0,0.4,0.79757554,0.84482855
592,31.0,0.28,16.0,0.48,1.744256517,1.7012415
